{
  "scenario": "baseline",
  "max_concurrent_users": 20,
  "total_requests": 586,
  "error_rate": 3.430531732418525,
  "avg_response_time": 1832.7163661971833,
  "p95_response_time": 52.7431,
  "requests_per_second": 3.743922369159499,
  "performance_grade": {
    "concurrent_users": 20,
    "error_rate_pct": 3.430531732418525,
    "p95_response_ms": 52.7431,
    "rps": 3.743922369159499
  }
}