{
  "summary": {
    "total_benchmarks": 20,
    "categories_tested": [
      "Developer Experience",
      "Enterprise Features",
      "P2P Network Performance",
      "Scalability Metrics",
      "Cost Efficiency",
      "AI Inference Performance"
    ],
    "prsm_wins": 6,
    "competitive_wins": 0,
    "average_advantage": 16085.759968239534,
    "key_strengths": [
      "Model Loading Time: 95.0% improvement",
      "Inference Latency: 100.0% improvement",
      "Inference Throughput: 96020.3% improvement",
      "Network Formation Time: 99.3% improvement",
      "Operational Cost Per Inference: 100.0% improvement",
      "Platform Setup Time: 100.0% improvement"
    ],
    "improvement_areas": [],
    "overall_score": 100.0
  },
  "detailed_results": [
    {
      "benchmark_name": "Model Loading Time",
      "category": "AI Inference Performance",
      "metric_type": "latency",
      "value": 0.12423038482666016,
      "unit": "seconds",
      "timestamp": 1750534790.441847,
      "test_duration": 1.2653400897979736,
      "iterations": 5,
      "metadata": {
        "loading_times": [
          0.6156139373779297,
          0.0014390945434570312,
          0.0013539791107177734,
          0.0013608932495117188,
          0.0013840198516845703
        ],
        "std_dev": 0.27469175866641,
        "min_time": 0.0013539791107177734,
        "max_time": 0.6156139373779297
      }
    },
    {
      "benchmark_name": "Inference Latency",
      "category": "AI Inference Performance",
      "metric_type": "latency",
      "value": 0.06542682647705078,
      "unit": "milliseconds",
      "timestamp": 1750534790.452533,
      "test_duration": 0.010615110397338867,
      "iterations": 100,
      "metadata": {
        "p95_latency": 0.07915496826171875,
        "p99_latency": 0.12625217437744257,
        "std_dev": 0.03071354603887319,
        "min_latency": 0.053882598876953125,
        "max_latency": 0.3514289855957031
      }
    },
    {
      "benchmark_name": "Inference Throughput",
      "category": "AI Inference Performance",
      "metric_type": "throughput",
      "value": 9612.026766889725,
      "unit": "requests/second",
      "timestamp": 1750534790.459363,
      "test_duration": 0.006702899932861328,
      "iterations": 50,
      "metadata": {
        "successful_inferences": 50,
        "total_requests": 50,
        "success_rate": 100.0,
        "test_duration": 0.005201816558837891
      }
    },
    {
      "benchmark_name": "Multi-Framework Performance",
      "category": "AI Inference Performance",
      "metric_type": "latency",
      "value": 0.03389120101928711,
      "unit": "milliseconds",
      "timestamp": 1750534790.4618309,
      "test_duration": 0.002440929412841797,
      "iterations": 20,
      "metadata": {
        "framework_performance": {
          "pytorch": {
            "avg_latency": 0.06682872772216797,
            "min_latency": 0.05626678466796875,
            "max_latency": 0.11587142944335938,
            "iterations": 10
          },
          "custom": {
            "avg_latency": 0.00095367431640625,
            "min_latency": 0.0,
            "max_latency": 0.0019073486328125,
            "iterations": 10
          }
        },
        "frameworks_tested": [
          "pytorch",
          "custom"
        ],
        "framework_count": 2
      }
    },
    {
      "benchmark_name": "Distributed Inference Efficiency",
      "category": "AI Inference Performance",
      "metric_type": "throughput",
      "value": 745.190370436173,
      "unit": "inferences/second",
      "timestamp": 1750534793.466079,
      "test_duration": 3.004221200942993,
      "iterations": 2,
      "metadata": {
        "total_models": 6,
        "total_inferences": 2,
        "inference_time": 0.002683877944946289,
        "network_nodes": 3,
        "ai_metrics": {
          "total_models": 6,
          "total_inferences": 2,
          "model_frameworks": {
            "pytorch": 3,
            "custom": 3
          },
          "node_ai_capabilities": {
            "819818eb": {
              "models": 2,
              "inferences": 2,
              "capabilities": [
                "model_execution",
                "model_coordination"
              ]
            },
            "773d53a7": {
              "models": 2,
              "inferences": 0,
              "capabilities": [
                "model_execution",
                "model_inference",
                "model_training"
              ]
            },
            "c4bce7b6": {
              "models": 2,
              "inferences": 0,
              "capabilities": [
                "model_execution",
                "model_validation"
              ]
            }
          }
        }
      }
    },
    {
      "benchmark_name": "Network Formation Time",
      "category": "P2P Network Performance",
      "metric_type": "latency",
      "value": 2.0016271273295083,
      "unit": "seconds",
      "timestamp": 1750534799.47419,
      "test_duration": 6.008015871047974,
      "iterations": 3,
      "metadata": {
        "formation_times": [
          2.002208948135376,
          2.002265214920044,
          2.0004072189331055
        ],
        "std_dev": 0.0010568461853435024,
        "min_time": 2.0004072189331055,
        "max_time": 2.002265214920044
      }
    },
    {
      "benchmark_name": "Message Propagation Latency",
      "category": "P2P Network Performance",
      "metric_type": "latency",
      "value": 333.8558276494344,
      "unit": "milliseconds",
      "timestamp": 1750534803.4812129,
      "test_duration": 4.0066821575164795,
      "iterations": 1,
      "metadata": {
        "total_propagation_time": 2.0031349658966064,
        "estimated_messages": 6,
        "nodes": 3
      }
    },
    {
      "benchmark_name": "Consensus Performance",
      "category": "P2P Network Performance",
      "metric_type": "latency",
      "value": 5.3052849769592285,
      "unit": "seconds",
      "timestamp": 1750534810.7888188,
      "test_duration": 7.30748987197876,
      "iterations": 1,
      "metadata": {
        "consensus_time": 5.3052849769592285,
        "nodes": 3,
        "consensus_type": "model_validation"
      }
    },
    {
      "benchmark_name": "Network Recovery Time",
      "category": "P2P Network Performance",
      "metric_type": "latency",
      "value": 5.408530235290527,
      "unit": "seconds",
      "timestamp": 1750534818.201051,
      "test_duration": 7.412163734436035,
      "iterations": 1,
      "metadata": {
        "recovery_time": 5.408530235290527,
        "nodes": 3,
        "failure_type": "node_shutdown_restart"
      }
    },
    {
      "benchmark_name": "Node Scaling Performance",
      "category": "Scalability Metrics",
      "metric_type": "throughput",
      "value": 2.163438061402454,
      "unit": "connections/second",
      "timestamp": 1750534824.215064,
      "test_duration": 6.013836145401001,
      "iterations": 3,
      "metadata": {
        "scaling_results": [
          {
            "nodes": 3,
            "startup_time": 2.00252103805542,
            "connections": 3,
            "efficiency": 1.4981116018202725
          },
          {
            "nodes": 5,
            "startup_time": 2.002683162689209,
            "connections": 4,
            "efficiency": 1.9973204321690048
          },
          {
            "nodes": 7,
            "startup_time": 2.003417730331421,
            "connections": 6,
            "efficiency": 2.9948821502180842
          }
        ],
        "max_nodes_tested": 7,
        "linear_scaling": true
      }
    },
    {
      "benchmark_name": "Memory Scaling Efficiency",
      "category": "Scalability Metrics",
      "metric_type": "efficiency",
      "value": 100.0,
      "unit": "percent",
      "timestamp": 1750534827.219032,
      "test_duration": 3.0038249492645264,
      "iterations": 1,
      "metadata": {
        "baseline_memory": 71.6,