{
  "report_metadata": {
    "generated_at": "2025-06-21T16:59:23.582271",
    "strategy": "minimize_cost",
    "analysis_period_hours": 24,
    "data_samples": 288
  },
  "executive_summary": {
    "total_potential_savings": 0,
    "top_recommendation": null,
    "optimization_opportunities": 0,
    "current_efficiency_score": 79.50768968108389
  },
  "utilization_analysis": {
    "statistics": {
      "cpu": {
        "avg": 44.080311765782625,
        "max": 83.98029743780482,
        "min": 6.112355805217437,
        "std": 17.36525002127847,
        "p95": 72.40597645078428,
        "p99": 79.37919770518099
      },
      "memory": {
        "avg": 58.90016779456006,
        "max": 89.84624201237415,
        "min": 24.622096156340476,
        "std": 12.926375011160724,
        "p95": 78.45858960097769,
        "p99": 81.98096376400761
      },
      "gpu": {
        "avg": 30.766932266226352,
        "max": 83.74941130322765,
        "min": 0.0,
        "std": 20.251262134996146,
        "p95": 62.730302751431886,
        "p99": 73.6066085565062
      }
    },
    "patterns": {
      "low_cpu_utilization": "False",
      "low_memory_utilization": "False",
      "low_gpu_utilization": "True",
      "high_variability": false,
      "consistent_low_usage": false
    },
    "sample_count": 288
  },
  "cost_analysis": {
    "error": "Insufficient cost data for trend analysis"
  },
  "recommendations": [],
  "cost_predictions": {
    "error": "Insufficient data for cost prediction"
  },
  "alerts": []
}